{
  "best_acc": 0.9540229885057471,
  "best_epoch": 25,
  "use_delta": true,
  "input_size": 252,
  "gestures": [
    "static",
    "swipe_right",
    "swipe_left",
    "ok",
    "stop",
    "browser",
    "fist_left"
  ],
  "train_loss": [
    1.7165672237222844,
    1.356045096209555,
    1.089832360094244,
    0.8657658479430459,
    0.7435878921638835,
    0.6616150908397905,
    0.5311627938891902,
    0.45478489182212134,
    0.4292794488596194,
    0.3376613035798073,
    0.5300414372574199,
    0.3674029315059835,
    0.31629077525752963,
    0.28161402317610656,
    0.24224884096871724,
    0.20737913239634398,
    0.2174957234299544,
    0.18842109405633176,
    0.15817909157185844,
    0.1705896659105113,
    0.1509627371349118,
    0.1413904455575076,
    0.1529787958910068,
    0.1704771907040567,
    0.13229924271052534,
    0.12101878773308161,
    0.11680250998699304,
    0.15352703275328333,
    0.10833612637537898,
    0.09404109734477419,
    0.10822889620833324,
    0.10611265660686926,
    0.08675791052254764,
    0.09222301939558802,
    0.08091736288571899,
    0.07335411285925092,
    0.0644226330050239,
    0.05701327185626283,
    0.053476196262195255,
    0.053822446670947655,
    0.04920378392280051,
    0.05416445276050857,
    0.05294962293665969,
    0.04907751468602906,
    0.04982417738629562
  ],
  "test_acc": [
    0.5019157088122606,
    0.5517241379310345,
    0.6245210727969349,
    0.7432950191570882,
    0.7471264367816092,
    0.8275862068965517,
    0.8659003831417624,
    0.9042145593869731,
    0.896551724137931,
    0.9003831417624522,
    0.8773946360153256,
    0.8773946360153256,
    0.9195402298850575,
    0.9272030651340997,
    0.9348659003831418,
    0.9348659003831418,
    0.9272030651340997,
    0.9386973180076629,
    0.946360153256705,
    0.9272030651340997,
    0.9310344827586207,
    0.9348659003831418,
    0.9233716475095786,
    0.9310344827586207,
    0.9540229885057471,
    0.9386973180076629,
    0.9501915708812261,
    0.9310344827586207,
    0.9386973180076629,
    0.9386973180076629,
    0.9386973180076629,
    0.9501915708812261,
    0.9425287356321839,
    0.946360153256705,
    0.946360153256705,
    0.9425287356321839,
    0.9501915708812261,
    0.9501915708812261,
    0.9386973180076629,
    0.9425287356321839,
    0.9425287356321839,
    0.9386973180076629,
    0.9425287356321839,
    0.9425287356321839,
    0.9425287356321839
  ]
}