{
  "best_acc": 0.94375,
  "best_epoch": 23,
  "use_delta": true,
  "input_size": 252,
  "gestures": [
    "static",
    "swipe_right",
    "swipe_left",
    "ok",
    "stop",
    "browser",
    "fist_left"
  ],
  "train_loss": [
    1.9196015357971192,
    1.614980900287628,
    1.3881816148757935,
    1.1926228016614915,
    1.0210729748010636,
    0.9942510306835175,
    0.8671742856502533,
    0.7622467666864395,
    0.6948101758956909,
    0.5473944544792175,
    0.4599152445793152,
    0.3571973487734795,
    0.35005688294768333,
    0.33530663773417474,
    0.3296236343681812,
    0.279242105782032,
    0.2641878314316273,
    0.2570160120725632,
    0.2319811772555113,
    0.19646236039698123,
    0.1998526193201542,
    0.19232580102980137,
    0.17260113172233105,
    0.16726838499307634,
    0.14672441659495233,
    0.13999594524502754,
    0.12055798005312682,
    0.12503193467855453,
    0.13440114576369525,
    0.10716630211099983,
    0.10114987501874566,
    0.10585134760476649,
    0.21865836828947066,
    0.28174212519079445,
    0.14997811578214168,
    0.11210245229303836,
    0.09527213498950005,
    0.09663418494164944,
    0.08669570405036212,
    0.0805892825126648,
    0.06839745687320828,
    0.07310766838490963,
    0.06651102816686034
  ],
  "test_acc": [
    0.33125,
    0.35,
    0.3875,
    0.53125,
    0.525,
    0.625,
    0.69375,
    0.68125,
    0.775,
    0.88125,
    0.84375,
    0.90625,
    0.8875,
    0.9125,
    0.88125,
    0.93125,
    0.925,
    0.925,
    0.9,
    0.9125,
    0.91875,
    0.8875,
    0.94375,
    0.94375,
    0.91875,
    0.94375,
    0.925,
    0.925,
    0.91875,
    0.9375,
    0.925,
    0.93125,
    0.85,
    0.88125,
    0.9375,
    0.9375,
    0.9375,
    0.94375,
    0.94375,
    0.9375,
    0.94375,
    0.94375,
    0.93125
  ]
}